Area_sqft,Bedrooms,Bathrooms,Age_years,Price_1000s
1660,5,3,0,349.3
2094,2,1,4,312.9
1930,2,3,27,315.0
1895,1,2,28,260.6
2438,4,1,15,408.9
2969,1,2,18,447.1
1266,4,2,3,248.3
2038,2,2,2,332.3
1130,1,3,16,181.0
2282,5,3,16,411.6
2935,3,1,11,443.6
930,4,1,27,110.6
2485,3,3,29,376.9
1569,3,2,28,252.0
3191,1,1,13,504.4
2315,3,3,20,372.1
3233,5,3,5,546.7
2015,3,3,2,368.1
1755,1,2,27,252.0
3124,5,3,8,556.3
1984,2,3,4,386.6
1259,3,3,23,221.3
821,1,3,28,147.0
3100,2,1,16,461.1
1547,2,1,13,242.3
1274,4,3,20,227.2
1882,5,2,2,348.1
3358,3,1,27,490.7
2847,1,3,0,477.8
1775,4,1,19,274.2
2606,5,1,28,391.7
989,4,2,20,194.8
1362,5,3,22,287.0
2699,5,3,0,492.4
2067,3,2,2,361.2
2328,5,2,17,403.1
1446,4,3,24,301.7
2868,5,3,9,508.5
3014,3,2,21,484.7
2097,3,1,25,332.7
3235,4,1,2,541.4
1400,2,2,7,259.9
3163,2,1,13,492.6
2861,5,2,23,478.6
1041,1,1,17,131.6
2841,5,1,14,466.2
3412,4,3,21,562.0
2163,4,3,22,372.5
2939,4,1,1,510.9
2190,4,1,26,338.2
2278,4,3,9,391.5
3356,3,3,1,585.3
1575,2,3,25,238.0
834,4,2,16,152.6
3053,1,1,7,462.7
2755,1,3,0,466.6
2385,1,1,8,343.6
1821,1,2,10,309.9
3413,3,2,21,512.6
1929,1,3,15,337.9
2300,4,2,6,386.1
1502,5,1,28,253.5
3249,1,3,9,523.9
2379,3,1,22,332.1
961,3,1,25,123.5
1001,1,2,2,206.0
2781,5,2,17,469.9
1795,1,2,24,260.1
3117,3,2,23,448.3
1615,2,2,12,289.1
1255,4,3,27,247.3
2075,3,1,25,331.6
1816,1,1,6,276.2
3143,4,1,24,484.2
1137,1,1,3,196.9
1678,1,2,12,244.8
1876,2,1,19,281.1
1591,4,3,0,339.7
3064,4,3,7,542.1
1563,2,1,13,226.8
3035,3,1,15,457.3
1179,1,3,13,217.7
1292,5,3,11,276.3
1980,1,2,18,267.2
2862,1,3,22,403.5
864,3,2,14,160.5
3368,1,2,27,482.4
2167,2,2,1,368.6
1952,2,2,1,334.6
2827,4,2,22,464.8
3495,5,1,21,548.8
2295,1,3,18,367.3
1962,1,2,24,266.2
2322,3,3,25,322.8
3440,2,3,29,539.9
1191,5,2,28,234.8
2498,4,1,21,382.6
1218,2,2,25,186.4
3136,4,1,25,480.3
1178,3,3,21,234.8
